{"origin": [608700.4716479894, 4266137.30597663], "headland": [], "rows": [[[608700.4716479895, 4266137.30597663], [608720.4051552222, 4266141.296973092]], [[608700.9043639598, 4266134.928547203], [608720.9468766177, 4266138.676660822]], [[608701.3255906735, 4266132.498365673], [608721.6361592711, 4266135.855183157]], [[608701.7040806945, 4266129.8155261455], [608722.3277771521, 4266133.229870491]], [[608702.1382115171, 4266126.932639471], [608723.2002699062, 4266130.710947589]], [[608702.5771454029, 4266124.255278616], [608723.7796459546, 4266128.384894195]], [[608702.9245437378, 4266121.69414474], [608724.3028081439, 4266125.424984817]], [[608703.3139906616, 4266119.076576252], [608724.713020955, 4266122.4831170775]]], "heading": 1.3944411849595948, "odom_T_gps": [[0.17544242144748184, -0.9844896935756332, 0.0, 4093176.324430363], [0.9844896935756332, 0.17544242144748184, 0.0, -1347720.8000000492], [0.0, 0.0, 1.0, 0.0], [0.0, 0.0, 0.0, 1.0]]}