{"origin": [608737.2424803863, 4265461.728688364], "headland": [], "rows": [[[608737.9751309389, 4265462.049971988], [608747.764701051, 4265440.961042828]], [[608734.6920618579, 4265460.615735321], [608743.879532818, 4265439.420114107]], [[608731.1318436671, 4265459.0387683865], [608740.5420985913, 4265438.076205763]], [[608727.898872792, 4265457.644502845], [608737.0639493294, 4265436.868727859]], [[608724.6666970182, 4265456.026571801], [608733.7248733506, 4265435.761012669]], [[608721.2002490058, 4265454.544360872], [608729.9718911034, 4265434.366009293]], [[608717.9204383792, 4265453.064356021], [608726.4515785073, 4265432.973318327]], [[608714.5034862036, 4265451.582007922], [608723.1168783634, 4265431.629518658]], [[608711.3718250572, 4265450.148952894], [608719.7834330753, 4265430.192985756]]], "heading": 2.7283244504521034, "odom_T_gps": [[-0.9158131909303125, -0.4016045309978946, 0.0, 2270518.353513441], [0.4016045309978946, -0.9158131909303125, 0.0, 3661894.4817739306], [0.0, 0.0, 1.0, 0.0], [0.0, 0.0, 0.0, 1.0]]}